report,date,dim1,dim2,m1,m2,m3,m4,m5
sessions,20260315,google,cpc,39,38,38,0.38461538461538464,50.012027512820517
sessions,20260331,google,cpc,24,22,22,0.25,134.63711775000002
sessions,20260311,google,cpc,22,21,20,0.40909090909090912,47.689926227272728
sessions,20260325,google,cpc,22,21,21,0.40909090909090912,80.40141845454545
sessions,20260313,google,cpc,20,19,19,0.45,206.27058434999998
sessions,20260318,google,cpc,20,19,19,0.35,159.51685745
sessions,20260319,google,cpc,20,18,18,0.55,15.4073128
sessions,20260403,google,cpc,20,20,20,0.25,91.808186450000008
sessions,20260224,(direct),(none),18,12,10,0.27777777777777779,844.7313989999999
sessions,20260312,google,cpc,18,17,17,0.3888888888888889,69.356258833333342
sessions,20260323,google,cpc,18,17,17,0.3888888888888889,22.648134277777775
sessions,20260222,(direct),(none),17,11,6,0.29411764705882354,958.04411347058817
sessions,20260214,(direct),(none),16,7,6,0.1875,822.984365625
sessions,20260405,google,cpc,16,16,16,0.5625,11.597639875
sessions,20260401,google,cpc,15,15,15,0.2,108.36795126666667
sessions,20260216,(direct),(none),14,8,5,0.14285714285714285,1480.5285877142858
sessions,20260306,(direct),(none),14,6,3,0.071428571428571425,1811.6035752142857
sessions,20260324,google,cpc,14,14,14,0.5,43.685404428571431
sessions,20260402,google,cpc,14,13,13,0.2857142857142857,58.09454671428572
sessions,20260204,(direct),(none),13,13,12,0.92307692307692313,6.7048883076923085
sessions,20260310,google,cpc,13,13,13,0.46153846153846156,70.850720846153848
sessions,20260317,google,cpc,13,12,12,0.38461538461538464,73.461998461538457
sessions,20260322,google,cpc,13,13,12,0.23076923076923078,36.78970546153846
sessions,20260222,google,organic,12,6,4,0.33333333333333331,506.36611191666663
sessions,20260404,google,cpc,12,12,12,0.083333333333333329,110.37212475
sessions,20260321,google,cpc,11,10,8,0.45454545454545453,111.84651545454545
sessions,20260326,google,cpc,11,10,10,0.27272727272727271,38.494336454545447
sessions,20260201,(direct),(none),10,6,11,0,1689.0955973
sessions,20260226,google,cpc,10,10,10,0.5,20.6958859
sessions,20260302,(direct),(none),10,6,2,0.2,2796.3812040000003
sessions,20260315,syndicatedsearch.goog,referral,10,10,10,0.2,23.1903428
sessions,20260316,google,cpc,10,10,10,0.5,107.7079802
sessions,20260320,google,cpc,10,10,9,0.4,32.4889761
sessions,20260219,google,cpc,9,8,8,0.66666666666666663,9.7233068888888887
sessions,20260220,google,cpc,9,9,9,0.66666666666666663,22.659131555555557
sessions,20260305,(direct),(none),9,5,3,0.1111111111111111,408.71688266666666
sessions,20260131,(direct),(none),8,3,2,0.5,412.272559125
sessions,20260217,google,cpc,8,8,8,0.5,92.217656624999989
sessions,20260222,google,cpc,8,8,8,0.75,103.966676875
sessions,20260225,(direct),(none),8,6,3,0,357.8112245
sessions,20260225,google,cpc,8,8,8,0.375,25.10447825
sessions,20260227,google,cpc,8,8,6,0.375,172.73506625
sessions,20260302,google,cpc,8,8,6,0.75,23.137882249999997
sessions,20260211,(direct),(none),7,2,1,0.14285714285714285,488.82312757142853
sessions,20260212,(direct),(none),7,2,1,0.14285714285714285,1156.2384327142856
sessions,20260214,ads.google.com,referral,7,1,0,0.5714285714285714,314.667548
sessions,20260216,ads.google.com,referral,7,1,0,0.2857142857142857,325.68266585714281
sessions,20260224,google,cpc,7,7,7,0.7142857142857143,8.092492142857143
sessions,20260309,google,cpc,7,6,5,0.42857142857142855,261.21803742857145
sessions,20260313,google,organic,7,5,2,0.2857142857142857,289.95224485714283
sessions,20260314,google,cpc,7,7,7,0.5714285714285714,21.669778714285716
sessions,20260324,google,organic,7,4,1,0.2857142857142857,527.93084585714291
sessions,20260326,google,organic,7,3,1,0.2857142857142857,239.36093957142856
sessions,20260212,google,organic,6,3,2,0.33333333333333331,30.7381255
sessions,20260214,google,cpc,6,6,6,0.33333333333333331,38.52547666666667
sessions,20260223,(direct),(none),6,4,3,0.16666666666666666,1357.6733775
sessions,20260223,google,organic,6,3,2,0.33333333333333331,233.42430399999998
sessions,20260226,(direct),(none),6,3,1,0.16666666666666666,445.649658
sessions,20260301,google,cpc,6,5,5,0.33333333333333331,56.789437166666666
sessions,20260321,google,organic,6,4,1,0.5,75.974014166666663
sessions,20260126,(direct),(none),5,4,2,0.8,205.1722612
sessions,20260202,(direct),(none),5,5,4,0.2,338.30431400000003
sessions,20260216,google,cpc,5,5,5,0.2,101.41076740000001
sessions,20260218,google,cpc,5,4,3,0.8,207.19094139999999
sessions,20260219,(direct),(none),5,5,3,0.2,367.4844746
sessions,20260221,(direct),(none),5,2,0,0,1749.7846344000002
sessions,20260223,google,cpc,5,5,5,0.6,55.8180342
sessions,20260301,(direct),(none),5,5,5,0.8,29.2888534
sessions,20260302,google,organic,5,2,1,0,1335.0914215999999
sessions,20260307,google,cpc,5,5,5,0.4,220.46471380000003
sessions,20260322,(direct),(none),5,2,1,0.6,24.9443632
sessions,20260213,google,cpc,4,4,4,0.75,5.0204935000000006
sessions,20260215,google,cpc,4,4,4,0.75,44.746064000000004
sessions,20260215,google,organic,4,2,1,0,47.81887975
sessions,20260218,google,organic,4,2,1,0,161.8003565
sessions,20260221,google,cpc,4,4,4,0.5,6.4975795
sessions,20260226,google,organic,4,4,4,0.25,284.92006899999996
sessions,20260228,google,organic,4,4,4,0.5,44.6631345
sessions,20260302,linkedin.com,referral,4,1,0,0.25,69.3398495
sessions,20260304,google,organic,4,3,1,0.25,348.59853125
sessions,20260317,google,organic,4,4,2,0.5,35.97844625
sessions,20260320,google,organic,4,4,3,0,75.3843685
sessions,20260321,(direct),(none),4,3,2,0,475.4526705
sessions,20260323,google,organic,4,4,4,0,225.6804925
sessions,20260202,google,organic,3,2,1,0,505.11986566666661
sessions,20260213,google,organic,3,2,1,0.66666666666666663,38.156725333333334
sessions,20260216,google,organic,3,1,0,0,1240.3137416666666
sessions,20260218,(direct),(none),3,3,1,0.66666666666666663,27.788209666666663
sessions,20260218,ads.google.com,referral,3,1,0,0.33333333333333331,10.261703
sessions,20260220,(direct),(none),3,2,0,0.33333333333333331,699.10006133333343
sessions,20260303,google,cpc,3,2,2,0.33333333333333331,87.345332
sessions,20260304,linkedin.com,referral,3,2,1,0.33333333333333331,289.1823563333333
sessions,20260305,google,cpc,3,3,3,0.66666666666666663,367.08858899999996
sessions,20260306,google,cpc,3,2,2,0.66666666666666663,7.0816563333333322
sessions,20260307,(direct),(none),3,2,1,0.66666666666666663,29.927916999999997
sessions,20260315,google,organic,3,3,2,0,24.767194
sessions,20260320,(direct),(none),3,3,3,0.33333333333333331,172.240261
sessions,20260322,google,organic,3,3,1,0.33333333333333331,289.03999333333331
sessions,20260325,google,organic,3,3,2,0,763.739423
sessions,20260327,google,cpc,3,3,2,0.33333333333333331,36.082569666666664
sessions,20260330,google,cpc,3,3,1,0.66666666666666663,16.278783
sessions,20260401,google,organic,3,2,0,0.66666666666666663,14.308692
sessions,20260126,google,cpc,2,2,2,1,0.415462
sessions,20260205,(direct),(none),2,2,1,1,2.1388445
sessions,20260209,google,organic,2,2,2,0.5,125.091553
sessions,20260211,ads.google.com,referral,2,1,0,0.5,3.063826
sessions,20260217,google,organic,2,2,1,0.5,4.9589535
sessions,20260222,chatgpt.com,referral,2,1,1,0,611.3655295
sessions,20260224,google,organic,2,2,1,0,21.458693
sessions,20260225,google,organic,2,2,1,0.5,330.051669
sessions,20260227,(direct),(none),2,1,1,1,2.48296
sessions,20260301,linkedin.com,referral,2,2,2,0.5,14.0726205
sessions,20260304,(direct),(none),2,2,1,0.5,17.98763
sessions,20260305,google,organic,2,2,1,0,32.4042135
sessions,20260306,google,organic,2,2,0,0,76.890662
sessions,20260308,(direct),(none),2,2,1,0.5,31.4215365
sessions,20260309,google,organic,2,2,1,0,47.368402
sessions,20260310,(direct),(none),2,1,1,0,291.848787
sessions,20260310,google,organic,2,2,1,0.5,35.4413785
sessions,20260311,(direct),(none),2,1,1,0,14.413305
sessions,20260311,google,organic,2,1,0,0,26.754925
sessions,20260313,facebook.com,referral,2,2,2,1,5.3774405
sessions,20260315,(direct),(none),2,2,2,1,0.21765
sessions,20260316,google,organic,2,2,2,0,240.9520495
sessions,20260318,google,organic,2,2,1,1,2.497379
sessions,20260319,google,organic,2,2,2,0,80.6597855
sessions,20260320,linkedin.com,referral,2,1,0,0.5,894.989788
sessions,20260323,(direct),(none),2,2,1,0,207.9190085
sessions,20260330,google,organic,2,2,1,0.5,14.5521435
sessions,20260402,(direct),(none),2,2,1,0.5,106.78027449999999
sessions,20260406,google,cpc,2,1,1,0.5,5.746983
sessions,20260407,google,organic,2,1,1,0.5,3.387763
sessions,20260413,bing,organic,2,1,1,1,2.3215625
sessions,20260415,google,organic,2,2,1,1,0.121679
sessions,20260131,google,organic,1,1,0,1,5.014454
sessions,20260201,bing,organic,1,1,3,0,5.122683
sessions,20260201,google,organic,1,1,0,0,474.761312
sessions,20260204,google,organic,1,1,1,1,4.843096
sessions,20260206,(direct),(none),1,1,0,1,1.944853
sessions,20260210,(direct),(none),1,1,1,1,4.914476
sessions,20260211,google,organic,1,1,0,0,1500.551228
sessions,20260212,ads.google.com,referral,1,1,0,0,1662.829748
sessions,20260212,facebook.com,referral,1,1,1,0,30.484894
sessions,20260212,google,cpc,1,1,1,1,0.518823
sessions,20260213,(direct),(none),1,1,1,1,4.978046
sessions,20260214,google,organic,1,1,0,0,5.729769
sessions,20260215,(direct),(none),1,1,1,0,1712.717786
sessions,20260215,ads.google.com,referral,1,1,0,0,285.597181
sessions,20260215,facebook.com,referral,1,1,1,1,5.369178
sessions,20260216,(not set),(not set),1,1,0,1,1022.009691
sessions,20260216,linkedin.com,referral,1,1,1,0,134.678832
sessions,20260217,(direct),(none),1,1,1,0,146.883378
sessions,20260218,facebook.com,referral,1,1,1,1,5.03897
sessions,20260219,(data not available),(data not available),1,1,1,0,68.698634
sessions,20260219,ads.google.com,referral,1,1,0,0,5.218915
sessions,20260220,google,organic,1,1,1,0,60.064033
sessions,20260221,facebook.com,referral,1,1,1,1,5.026496
sessions,20260221,google,organic,1,1,1,0,25.284903
sessions,20260223,facebook.com,referral,1,1,1,1,5.021302
sessions,20260224,youtube.com,referral,1,1,1,0,7.619413
sessions,20260227,(not set),(not set),1,1,0,1,0
sessions,20260228,(direct),(none),1,1,1,0,12.757068
sessions,20260228,google,cpc,1,1,1,0,26.175927
sessions,20260228,linkedin.com,referral,1,1,1,0,399.299912
sessions,20260303,facebook.com,referral,1,1,1,1,5.826214
sessions,20260303,linkedin.com,referral,1,1,0,0,155.646141
sessions,20260304,google,cpc,1,1,1,0,149.839028
sessions,20260306,facebook.com,referral,1,1,1,1,5.032409
sessions,20260307,google,organic,1,1,0,1,4.970027
sessions,20260308,google,cpc,1,1,1,1,5.153459
sessions,20260308,google,organic,1,1,0,0,12.236297
sessions,20260310,youtube.com,referral,1,1,0,0,385.663197
sessions,20260311,(data not available),(data not available),1,1,1,1,7.179511
sessions,20260312,google,organic,1,1,1,1,5.032226
sessions,20260312,linkedin.com,referral,1,1,1,1,4.972479
sessions,20260312,youtube.com,referral,1,1,0,0,84.53302
sessions,20260313,(direct),(none),1,1,1,0,20.718323
sessions,20260314,facebook.com,referral,1,1,1,1,5.05041
sessions,20260315,(data not available),(data not available),1,1,1,1,1.267123
sessions,20260316,(direct),(none),1,1,0,1,0
sessions,20260317,(direct),(none),1,1,1,1,4.97557
sessions,20260317,youtube.com,referral,1,1,1,0,28.515387
sessions,20260318,(data not available),(data not available),1,1,1,1,1.258509
sessions,20260319,(direct),(none),1,1,1,1,9.161193
sessions,20260323,(data not available),(data not available),1,1,1,0,84.151589
sessions,20260323,linkedin.com,referral,1,1,0,0,38.184078
sessions,20260324,linkedin.com,referral,1,1,0,1,0
sessions,20260325,(not set),(not set),1,1,0,1,0
sessions,20260326,linkedin.com,referral,1,1,1,0,42.680587
sessions,20260328,google,organic,1,1,1,0,54.731598
sessions,20260329,google,cpc,1,1,1,1,4.916054
sessions,20260331,(direct),(none),1,1,0,1,5.000616
sessions,20260331,bing,organic,1,1,1,1,4.908452
sessions,20260331,google,organic,1,1,1,1,5.056287
sessions,20260401,(direct),(none),1,1,0,1,2.552634
sessions,20260402,google,organic,1,1,1,0,14.313053
sessions,20260403,google,organic,1,1,1,0,8.959536
sessions,20260405,(data not available),(data not available),1,1,1,0,18.149373
sessions,20260409,chatgpt.com,(not set),1,1,1,0,45.711407
sessions,20260409,google,organic,1,1,1,0,23.886002
sessions,20260414,google,organic,1,1,1,1,4.882566
sessions,20260417,google,organic,1,1,1,0,99.921858
sessions,20260421,facebook.com,referral,1,1,1,1,5.028413
sessions,20260422,google,organic,1,1,1,0,13.703969
sessions,20260424,linkedin.com,referral,1,1,0,1,4.9367
sessions,20260425,(not set),(not set),1,1,0,1,0
sessions,20260425,google,organic,1,1,1,1,659.094428
sessions,20260425,youtube.com,referral,1,1,0,1,4.350985
events,20260302,page_view,,796,16,,,
events,20260222,page_view,,593,27,,,
events,20260306,page_view,,479,12,,,
events,20260224,page_view,,378,22,,,
events,20260216,page_view,,354,16,,,
events,20260315,scroll,,274,53,,,
events,20260201,page_view,,273,8,,,
events,20260212,page_view,,273,8,,,
events,20260223,page_view,,239,13,,,
events,20260311,page_view,,170,24,,,
events,20260323,scroll,,164,25,,,
events,20260321,page_view,,160,14,,,
events,20260315,page_view,,157,54,,,
events,20260214,page_view,,152,15,,,
events,20260313,scroll,,141,26,,,
events,20260325,scroll,,137,23,,,
events,20260313,page_view,,135,26,,,
events,20260331,scroll,,131,25,,,
events,20260221,page_view,,130,8,,,
events,20260305,page_view,,127,11,,,
events,20260131,page_view,,124,5,,,
events,20260222,scroll,,124,26,,,
events,20260319,scroll,,122,21,,,
events,20260312,page_view,,118,20,,,
events,20260323,page_view,,117,25,,,
events,20260320,scroll,,116,17,,,
events,20260312,scroll,,114,20,,,
events,20260302,mentor_page_view,,112,5,,,
events,20260302,scroll,,112,16,,,
events,20260322,scroll,,112,17,,,
events,20260215,page_view,,110,9,,,
events,20260324,scroll,,110,17,,,
events,20260401,scroll,,108,17,,,
events,20260322,page_view,,107,17,,,
events,20260225,page_view,,105,16,,,
events,20260319,page_view,,102,21,,,
events,20260317,scroll,,100,17,,,
events,20260321,scroll,,100,14,,,
events,20260403,scroll,,100,19,,,
events,20260310,page_view,,98,18,,,
events,20260226,page_view,,97,17,,,
events,20260318,scroll,,97,21,,,
events,20260216,scroll,,93,15,,,
events,20260302,user_engagement,,90,14,,,
events,20260302,select_mentor,,86,6,,,
events,20260405,scroll,,86,17,,,
events,20260326,scroll,,83,14,,,
events,20260317,page_view,,81,17,,,
events,20260325,page_view,,80,24,,,
events,20260126,page_view,,79,5,,,
events,20260222,user_engagement,,79,19,,,
events,20260402,scroll,,78,16,,,
events,20260202,page_view,,77,7,,,
events,20260326,page_view,,74,14,,,
events,20260403,lp_section_viewed,,72,16,,,
events,20260403,page_view,,72,21,,,
events,20260320,page_view,,71,17,,,
events,20260331,lp_section_viewed,,71,18,,,
events,20260216,user_engagement,,70,13,,,
events,20260218,page_view,,70,10,,,
events,20260304,page_view,,70,8,,,
events,20260316,scroll,,70,12,,,
events,20260404,scroll,,70,12,,,
events,20260309,page_view,,69,7,,,
events,20260211,page_view,,68,3,,,
events,20260331,page_view,,68,25,,,
events,20260318,page_view,,66,21,,,
events,20260214,scroll,,65,14,,,
events,20260324,page_view,,65,17,,,
events,20260325,lp_section_viewed,,65,17,,,
events,20260224,scroll,,61,21,,,
events,20260224,user_engagement,,61,13,,,
events,20260306,mentor_page_view,,61,6,,,
events,20260306,scroll,,60,11,,,
events,20260402,lp_section_viewed,,58,11,,,
events,20260220,page_view,,57,13,,,
events,20260222,select_mentor,,57,12,,,
events,20260308,page_view,,55,5,,,
events,20260315,session_start,,55,54,,,
events,20260317,lp_section_viewed,,55,13,,,
events,20260401,page_view,,55,17,,,
events,20260401,lp_section_viewed,,54,13,,,
events,20260222,mentor_page_view,,53,10,,,
events,20260315,first_visit,,53,53,,,
events,20260301,page_view,,52,12,,,
events,20260306,user_engagement,,51,8,,,
events,20260214,landing_page_view,,50,14,,,
events,20260214,user_engagement,,48,11,,,
events,20260219,page_view,,48,15,,,
events,20260323,lp_section_viewed,,48,14,,,
events,20260404,lp_section_viewed,,48,11,,,
events,20260302,landing_page_view,,47,11,,,
events,20260217,page_view,,46,11,,,
events,20260228,page_view,,46,8,,,
events,20260307,page_view,,45,8,,,
events,20260315,landing_page_view,,45,44,,,
events,20260315,lp_section_viewed,,44,13,,,
events,20260322,lp_section_viewed,,43,9,,,
events,20260402,page_view,,42,16,,,
events,20260222,session_start,,41,27,,,
events,20260318,lp_section_viewed,,41,14,,,
events,20260131,scroll,,39,5,,,
events,20260324,lp_section_viewed,,39,10,,,
events,20260319,lp_section_viewed,,37,14,,,
events,20260405,page_view,,37,17,,,
events,20260314,scroll,,36,8,,,
events,20260201,scroll,,35,8,,,
events,20260216,select_mentor,,34,6,,,
events,20260316,page_view,,34,12,,,
events,20260220,scroll,,33,12,,,
events,20260302,session_start,,33,18,,,
events,20260306,select_mentor,,33,5,,,
events,20260212,scroll,,31,8,,,
events,20260224,session_start,,31,23,,,
events,20260311,session_start,,31,25,,,
events,20260404,page_view,,31,12,,,
events,20260131,user_engagement,,30,3,,,
events,20260214,session_start,,30,15,,,
events,20260216,session_start,,30,16,,,
events,20260313,session_start,,30,27,,,
events,20260220,user_engagement,,29,10,,,
events,20260405,lp_section_viewed,,28,9,,,
events,20260223,scroll,,27,13,,,
events,20260331,session_start,,27,25,,,
events,20260226,scroll,,26,17,,,
events,20260323,session_start,,26,25,,,
events,20260306,session_start,,25,12,,,
events,20260311,scroll,,25,20,,,
events,20260325,session_start,,25,24,,,
events,20260313,first_visit,,24,24,,,
events,20260315,lp_exit_no_interaction,,24,20,,,
events,20260331,first_visit,,24,24,,,
events,20260126,scroll,,23,5,,,
events,20260221,scroll,,23,6,,,
events,20260318,session_start,,23,22,,,
events,20260319,session_start,,23,21,,,
events,20260321,lp_section_viewed,,23,6,,,
events,20260323,first_visit,,23,23,,,
events,20260325,first_visit,,23,23,,,
events,20260225,scroll,,22,14,,,
events,20260311,first_visit,,22,22,,,
events,20260312,session_start,,22,21,,,
events,20260324,session_start,,22,19,,,
events,20260331,landing_page_view,,22,22,,,
events,20260204,page_view,,21,14,,,
events,20260212,session_start,,21,8,,,
events,20260213,page_view,,21,8,,,
events,20260222,signup_initiate,,21,5,,,
events,20260227,page_view,,21,9,,,
events,20260305,mentor_page_view,,21,7,,,
events,20260311,landing_page_view,,21,21,,,
events,20260318,first_visit,,21,21,,,
events,20260319,first_visit,,21,21,,,
events,20260321,session_start,,21,17,,,
events,20260322,session_start,,21,18,,,
events,20260403,first_visit,,21,21,,,
events,20260403,session_start,,21,21,,,
events,20260201,session_start,,20,8,,,
events,20260221,user_engagement,,20,3,,,
events,20260224,mentor_page_view,,20,8,,,
events,20260226,session_start,,20,17,,,
events,20260310,scroll,,20,16,,,
events,20260315,mentor_page_view,,20,15,,,
events,20260318,landing_page_view,,20,20,,,
events,20260325,landing_page_view,,20,20,,,
events,20260330,scroll,,20,3,,,
events,20260212,user_engagement,,19,6,,,
events,20260219,scroll,,19,15,,,
events,20260222,first_visit,,19,19,,,
events,20260224,first_visit,,19,19,,,
events,20260225,session_start,,19,17,,,
events,20260303,page_view,,19,4,,,
events,20260310,session_start,,19,18,,,
events,20260312,first_visit,,19,19,,,
events,20260317,session_start,,19,18,,,
events,20260319,landing_page_view,,19,18,,,
events,20260320,session_start,,19,18,,,
events,20260323,landing_page_view,,19,18,,,
events,20260326,session_start,,19,14,,,
events,20260401,session_start,,19,17,,,
events,20260403,landing_page_view,,19,18,,,
events,20260211,scroll,,18,3,,,
events,20260223,session_start,,18,13,,,
events,20260223,user_engagement,,18,9,,,
events,20260306,landing_page_view,,18,7,,,
events,20260312,landing_page_view,,18,17,,,
events,20260313,landing_page_view,,18,17,,,
events,20260315,user_engagement,,18,17,,,
events,20260320,user_engagement,,18,9,,,
events,20260323,user_engagement,,18,11,,,
events,20260331,lp_exit_no_interaction,,18,18,,,
events,20260218,scroll,,17,10,,,
events,20260226,user_engagement,,17,10,,,
events,20260301,scroll,,17,12,,,
events,20260305,scroll,,17,9,,,
events,20260311,user_engagement,,17,14,,,
events,20260313,user_engagement,,17,15,,,
events,20260316,lp_section_viewed,,17,7,,,
events,20260323,lp_exit_no_interaction,,17,14,,,
events,20260401,landing_page_view,,17,15,,,
events,20260402,session_start,,17,16,,,
events,20260405,first_visit,,17,17,,,
events,20260405,session_start,,17,17,,,
events,20260218,session_start,,16,11,,,
events,20260219,session_start,,16,15,,,
events,20260221,select_mentor,,16,2,,,
events,20260225,user_engagement,,16,10,,,
events,20260314,page_view,,16,8,,,
events,20260317,first_visit,,16,16,,,
events,20260405,landing_page_view,,16,15,,,
events,20260212,landing_page_view,,15,3,,,
events,20260224,landing_page_view,,15,12,,,
events,20260226,first_visit,,15,15,,,
events,20260305,session_start,,15,11,,,
events,20260310,first_visit,,15,15,,,
events,20260318,lp_exit_no_interaction,,15,15,,,
events,20260319,lp_exit_no_interaction,,15,13,,,
events,20260320,first_visit,,15,15,,,
events,20260324,first_visit,,15,15,,,
events,20260324,landing_page_view,,15,15,,,
events,20260401,first_visit,,15,15,,,
events,20260402,first_visit,,15,15,,,
events,20260405,lp_exit_no_interaction,,15,14,,,
events,20260131,session_start,,14,5,,,
events,20260201,first_visit,,14,6,,,
events,20260204,session_start,,14,14,,,
events,20260219,user_engagement,,14,10,,,
events,20260220,select_mentor,,14,1,,,
events,20260220,session_start,,14,13,,,
events,20260226,mentor_page_view,,14,4,,,
events,20260301,session_start,,14,13,,,
events,20260310,mentor_page_view,,14,9,,,
events,20260322,first_visit,,14,14,,,
events,20260322,landing_page_view,,14,12,,,
events,20260325,user_engagement,,14,9,,,
events,20260402,landing_page_view,,14,14,,,
events,20260204,first_visit,,13,13,,,
events,20260215,scroll,,13,9,,,
events,20260219,landing_page_view,,13,12,,,
events,20260305,select_mentor,,13,6,,,
events,20260305,user_engagement,,13,8,,,
events,20260309,user_engagement,,13,6,,,
events,20260310,landing_page_view,,13,13,,,
events,20260312,user_engagement,,13,11,,,
events,20260316,session_start,,13,13,,,
events,20260317,landing_page_view,,13,12,,,
events,20260323,mentor_page_view,,13,12,,,
events,20260325,lp_exit_no_interaction,,13,13,,,
events,20260327,scroll,,13,2,,,
events,20260404,landing_page_view,,13,12,,,
events,20260211,landing_page_view,,12,2,,,
events,20260214,first_visit,,12,12,,,
events,20260217,scroll,,12,11,,,
events,20260218,user_engagement,,12,8,,,
events,20260219,first_visit,,12,12,,,
events,20260225,first_visit,,12,12,,,
events,20260301,first_visit,,12,12,,,
events,20260309,scroll,,12,7,,,
events,20260315,lp_hero_cta_click,,12,12,,,
events,20260316,first_visit,,12,12,,,
events,20260318,mentor_page_view,,12,8,,,
events,20260322,lp_exit_no_interaction,,12,9,,,
events,20260324,user_engagement,,12,10,,,
events,20260326,first_visit,,12,12,,,
events,20260326,landing_page_view,,12,11,,,
events,20260403,lp_exit_no_interaction,,12,12,,,
events,20260404,first_visit,,12,12,,,
events,20260404,session_start,,12,12,,,
events,20260126,session_start,,11,6,,,
events,20260212,select_mentor,,11,2,,,
events,20260215,session_start,,11,9,,,
events,20260216,first_visit,,11,11,,,
events,20260217,session_start,,11,11,,,
events,20260221,session_start,,11,8,,,
events,20260222,landing_page_view,,11,10,,,
events,20260223,first_visit,,11,11,,,
events,20260225,landing_page_view,,11,10,,,
events,20260225,mentor_page_view,,11,7,,,
events,20260227,scroll,,11,10,,,
events,20260305,landing_page_view,,11,7,,,
events,20260306,payment_success,,11,2,,,
events,20260318,lp_hero_cta_click,,11,9,,,
events,20260320,lp_section_viewed,,11,6,,,
events,20260321,first_visit,,11,11,,,
events,20260321,user_engagement,,11,10,,,
events,20260323,lp_hero_cta_click,,11,11,,,
events,20260326,lp_exit_no_interaction,,11,10,,,
events,20260326,lp_section_viewed,,11,6,,,
events,20260402,lp_exit_no_interaction,,11,11,,,
events,20260202,scroll,,10,6,,,
events,20260204,scroll,,10,10,,,
events,20260211,session_start,,10,3,,,
events,20260211,user_engagement,,10,1,,,
events,20260213,scroll,,10,8,,,
events,20260216,landing_page_view,,10,8,,,
events,20260216,signup_initiate,,10,6,,,
events,20260217,first_visit,,10,10,,,
events,20260220,first_visit,,10,10,,,
events,20260220,landing_page_view,,10,9,,,
events,20260223,landing_page_view,,10,9,,,
events,20260225,select_mentor,,10,2,,,
events,20260227,session_start,,10,9,,,
events,20260304,scroll,,10,8,,,
events,20260304,session_start,,10,8,,,
events,20260312,mentor_page_view,,10,9,,,
events,20260316,landing_page_view,,10,10,,,
events,20260317,lp_exit_no_interaction,,10,8,,,
events,20260320,landing_page_view,,10,10,,,
events,20260331,mentor_page_view,,10,8,,,
events,20260401,lp_exit_no_interaction,,10,9,,,
events,20260409,scroll,,10,2,,,
events,20260424,scroll,,10,2,,,
events,20260425,scroll,,10,2,,,
events,20260209,page_view,,9,2,,,
events,20260213,session_start,,9,8,,,
events,20260221,schedule_time,,9,1,,,
events,20260226,landing_page_view,,9,9,,,
events,20260228,scroll,,9,8,,,
events,20260302,first_visit,,9,9,,,
events,20260307,session_start,,9,8,,,
events,20260308,scroll,,9,5,,,
events,20260309,mentor_page_view,,9,2,,,
events,20260309,session_start,,9,8,,,
events,20260311,mentor_page_view,,9,7,,,
events,20260317,mentor_page_view,,9,7,,,
events,20260320,lp_hero_cta_click,,9,9,,,
events,20260321,lp_exit_no_interaction,,9,6,,,
events,20260322,user_engagement,,9,5,,,
events,20260324,lp_exit_no_interaction,,9,9,,,
events,20260325,mentor_page_view,,9,8,,,
events,20260126,user_engagement,,8,2,,,
events,20260202,session_start,,8,7,,,
events,20260217,landing_page_view,,8,8,,,
events,20260223,mentor_page_view,,8,4,,,
events,20260226,select_mentor,,8,1,,,
events,20260227,landing_page_view,,8,8,,,
events,20260227,user_engagement,,8,8,,,
events,20260228,session_start,,8,8,,,
events,20260301,user_engagement,,8,8,,,
events,20260302,signup_initiate,,8,2,,,
events,20260307,scroll,,8,7,,,
events,20260311,select_mentor,,8,4,,,
events,20260313,mentor_page_view,,8,7,,,
events,20260314,first_visit,,8,8,,,
events,20260314,session_start,,8,8,,,
events,20260317,lp_hero_cta_click,,8,7,,,
events,20260321,landing_page_view,,8,7,,,
events,20260322,mentor_page_view,,8,7,,,
events,20260327,page_view,,8,2,,,
events,20260401,user_engagement,,8,7,,,
events,20260131,landing_page_view,,7,1,,,
events,20260212,initiate_payment,,7,2,,,
events,20260212,payment_success,,7,2,,,
events,20260212,signup_initiate,,7,3,,,
events,20260213,landing_page_view,,7,7,,,
events,20260215,first_visit,,7,7,,,
events,20260221,initiate_payment,,7,1,,,
events,20260224,signup_initiate,,7,4,,,
events,20260227,first_visit,,7,7,,,
events,20260228,first_visit,,7,7,,,
events,20260305,first_visit,,7,7,,,
events,20260308,user_engagement,,7,3,,,
events,20260314,landing_page_view,,7,7,,,
events,20260316,lp_exit_no_interaction,,7,7,,,
events,20260317,user_engagement,,7,5,,,
events,20260318,user_engagement,,7,7,,,
events,20260319,mentor_page_view,,7,6,,,
events,20260320,mentor_page_view,,7,7,,,
events,20260331,lp_hero_cta_click,,7,7,,,
events,20260401,mentor_page_view,,7,7,,,
events,20260126,initiate_payment,,6,1,,,
events,20260126,schedule_time,,6,1,,,
events,20260213,first_visit,,6,6,,,
events,20260215,select_mentor,,6,2,,,
events,20260218,first_visit,,6,6,,,
events,20260221,first_visit,,6,6,,,
events,20260221,payment_success,,6,1,,,
events,20260222,schedule_time,,6,1,,,
events,20260303,session_start,,6,5,,,
events,20260306,first_visit,,6,6,,,
events,20260307,first_visit,,6,6,,,
events,20260308,mentor_page_view,,6,2,,,
events,20260308,session_start,,6,5,,,
events,20260309,first_visit,,6,6,,,
events,20260309,landing_page_view,,6,5,,,
events,20260310,user_engagement,,6,4,,,
events,20260315,signup_initiate,,6,6,,,
events,20260319,lp_hero_cta_click,,6,6,,,
events,20260320,lp_exit_no_interaction,,6,6,,,
events,20260322,lp_hero_cta_click,,6,6,,,
events,20260326,mentor_page_view,,6,6,,,
events,20260328,page_view,,6,1,,,
events,20260330,page_view,,6,3,,,
events,20260403,lp_hero_cta_click,,6,6,,,
events,20260403,mentor_page_view,,6,5,,,
events,20260404,lp_exit_no_interaction,,6,5,,,
events,20260126,lp_visit,,5,5,,,
events,20260131,signup_initiate,,5,1,,,
events,20260202,first_visit,,5,5,,,
events,20260202,signup_initiate,,5,4,,,
events,20260212,first_visit,,5,5,,,
events,20260215,landing_page_view,,5,5,,,
events,20260217,user_engagement,,5,5,,,
events,20260222,initiate_payment,,5,1,,,
events,20260222,payment_success,,5,1,,,
events,20260224,select_mentor,,5,2,,,
events,20260301,landing_page_view,,5,5,,,
events,20260303,scroll,,5,4,,,
events,20260304,mentor_page_view,,5,2,,,
events,20260307,landing_page_view,,5,5,,,
events,20260311,signup_initiate,,5,5,,,
events,20260319,user_engagement,,5,5,,,
events,20260324,mentor_page_view,,5,5,,,
events,20260326,lp_hero_cta_click,,5,5,,,
events,20260328,scroll,,5,1,,,
events,20260329,scroll,,5,1,,,
events,20260330,lp_section_viewed,,5,1,,,
events,20260330,session_start,,5,5,,,
events,20260331,user_engagement,,5,4,,,
events,20260402,mentor_page_view,,5,5,,,
events,20260403,user_engagement,,5,4,,,
events,20260406,scroll,,5,1,,,
events,20260407,scroll,,5,1,,,
events,20260413,scroll,,5,1,,,
events,20260414,scroll,,5,1,,,
events,20260415,scroll,,5,1,,,
events,20260417,scroll,,5,1,,,
events,20260421,scroll,,5,1,,,
events,20260422,scroll,,5,1,,,
events,20260126,first_visit,,4,4,,,
events,20260131,schedule_time,,4,1,,,
events,20260131,select_mentor,,4,1,,,
events,20260201,landing_page_view,,4,1,,,
events,20260212,schedule_time,,4,2,,,
events,20260215,user_engagement,,4,4,,,
events,20260217,signup_initiate,,4,4,,,
events,20260218,landing_page_view,,4,4,,,
events,20260221,landing_page_view,,4,4,,,
events,20260225,signup_initiate,,4,4,,,
events,20260227,mentor_page_view,,4,4,,,
events,20260301,select_mentor,,4,4,,,
events,20260303,user_engagement,,4,3,,,
events,20260304,first_visit,,4,4,,,
events,20260308,select_mentor,,4,1,,,
events,20260310,select_mentor,,4,3,,,
events,20260312,select_mentor,,4,4,,,
events,20260312,signup_initiate,,4,4,,,
events,20260313,signup_initiate,,4,4,,,
events,20260316,mentor_page_view,,4,4,,,
events,20260321,mentor_page_view,,4,4,,,
events,20260321,select_mentor,,4,2,,,
events,20260325,lp_hero_cta_click,,4,3,,,
events,20260327,lp_section_viewed,,4,1,,,
events,20260330,user_engagement,,4,3,,,
events,20260401,lp_hero_cta_click,,4,4,,,
events,20260402,lp_hero_cta_click,,4,4,,,
events,20260405,lp_hero_cta_click,,4,4,,,
events,20260405,mentor_page_view,,4,4,,,
events,20260406,lp_section_viewed,,4,1,,,
events,20260424,page_view,,4,2,,,
events,20260425,page_view,,4,2,,,
events,20260131,initiate_payment,,3,1,,,
events,20260201,signup_initiate,,3,1,,,
events,20260211,signup_initiate,,3,2,,,
events,20260214,signup_initiate,,3,3,,,
events,20260218,select_mentor,,3,2,,,
events,20260219,signup_initiate,,3,3,,,
events,20260220,mentor_page_view,,3,2,,,
events,20260221,mentor_page_view,,3,3,,,
events,20260223,signup_initiate,,3,3,,,
events,20260228,mentor_page_view,,3,3,,,
events,20260228,signup_initiate,,3,2,,,
events,20260228,user_engagement,,3,3,,,
events,20260301,mentor_page_view,,3,2,,,
events,20260302,payment_success,,3,2,,,
events,20260303,first_visit,,3,3,,,
events,20260304,landing_page_view,,3,3,,,
events,20260304,user_engagement,,3,3,,,
events,20260307,mentor_page_view,,3,3,,,
events,20260307,user_engagement,,3,3,,,
events,20260308,landing_page_view,,3,3,,,
events,20260309,signup_initiate,,3,1,,,
events,20260314,user_engagement,,3,3,,,
events,20260315,select_mentor,,3,3,,,
events,20260316,lp_hero_cta_click,,3,3,,,
events,20260316,user_engagement,,3,3,,,
events,20260319,signup_initiate,,3,3,,,
events,20260321,lp_hero_cta_click,,3,3,,,
events,20260324,lp_hero_cta_click,,3,3,,,
events,20260326,user_engagement,,3,3,,,
events,20260327,session_start,,3,3,,,
events,20260327,user_engagement,,3,2,,,
events,20260402,user_engagement,,3,3,,,
events,20260403,select_mentor,,3,2,,,
events,20260404,lp_hero_cta_click,,3,3,,,
events,20260404,mentor_page_view,,3,3,,,
events,20260404,user_engagement,,3,3,,,
events,20260407,page_view,,3,1,,,
events,20260417,page_view,,3,1,,,
events,20260126,select_mentor,,2,1,,,
events,20260127,page_view,,2,1,,,
events,20260127,scroll,,2,1,,,
events,20260127,user_engagement,,2,1,,,
events,20260131,first_visit,,2,2,,,
events,20260131,payment_success,,2,1,,,
events,20260202,select_mentor,,2,2,,,
events,20260205,page_view,,2,2,,,
events,20260205,session_start,,2,2,,,
events,20260209,first_visit,,2,2,,,
events,20260209,scroll,,2,2,,,
events,20260209,session_start,,2,2,,,
events,20260213,select_mentor,,2,1,,,
events,20260214,select_mentor,,2,1,,,
events,20260215,signup_initiate,,2,2,,,
events,20260223,select_mentor,,2,2,,,
events,20260301,initiate_payment,,2,1,,,
events,20260301,signup_initiate,,2,2,,,
events,20260303,landing_page_view,,2,2,,,
events,20260305,payment_success,,2,2,,,
events,20260307,select_mentor,,2,2,,,
events,20260307,signup_initiate,,2,2,,,
events,20260308,first_visit,,2,2,,,
events,20260310,signup_initiate,,2,2,,,
events,20260313,select_mentor,,2,2,,,
events,20260315,lp_mentor_card_click,,2,2,,,
events,20260317,signup_initiate,,2,2,,,
events,20260318,signup_initiate,,2,2,,,
events,20260320,select_mentor,,2,1,,,
events,20260322,select_mentor,,2,2,,,
events,20260323,lp_mentor_card_click,,2,2,,,
events,20260323,select_mentor,,2,2,,,
events,20260324,select_mentor,,2,2,,,
events,20260325,lp_view_experts_click,,2,2,,,
events,20260325,select_mentor,,2,2,,,
events,20260327,first_visit,,2,2,,,
events,20260327,landing_page_view,,2,2,,,
events,20260327,lp_exit_no_interaction,,2,2,,,
events,20260330,first_visit,,2,2,,,
events,20260405,user_engagement,,2,2,,,
events,20260406,session_start,,2,1,,,
events,20260407,session_start,,2,1,,,
events,20260409,first_visit,,2,2,,,
events,20260409,page_view,,2,2,,,
events,20260409,session_start,,2,2,,,
events,20260409,user_engagement,,2,2,,,
events,20260413,session_start,,2,1,,,
events,20260415,session_start,,2,2,,,
events,20260424,session_start,,2,2,,,
events,20260425,session_start,,2,2,,,
events,20260425,user_engagement,,2,2,,,
events,20260126,payment_success,,1,1,,,
events,20260127,landing_page_view,,1,1,,,
events,20260127,session_start,,1,1,,,
events,20260202,schedule_time,,1,1,,,
events,20260205,first_visit,,1,1,,,
events,20260205,scroll,,1,1,,,
events,20260206,page_view,,1,1,,,
events,20260206,scroll,,1,1,,,
events,20260206,session_start,,1,1,,,
events,20260209,signup_initiate,,1,1,,,
events,20260210,first_visit,,1,1,,,
events,20260210,page_view,,1,1,,,
events,20260210,scroll,,1,1,,,
events,20260210,session_start,,1,1,,,
events,20260211,first_visit,,1,1,,,
events,20260211,payment_success,,1,1,,,
events,20260211,select_mentor,,1,1,,,
events,20260213,user_engagement,,1,1,,,
events,20260217,select_mentor,,1,1,,,
events,20260220,schedule_time,,1,1,,,
events,20260225,initiate_payment,,1,1,,,
events,20260227,select_mentor,,1,1,,,
events,20260228,landing_page_view,,1,1,,,
events,20260228,schedule_time,,1,1,,,
events,20260228,select_mentor,,1,1,,,
events,20260301,payment_success,,1,1,,,
events,20260303,mentor_page_view,,1,1,,,
events,20260303,select_mentor,,1,1,,,
events,20260304,select_mentor,,1,1,,,
events,20260305,signup_initiate,,1,1,,,
events,20260307,payment_success,,1,1,,,
events,20260309,select_mentor,,1,1,,,
events,20260312,payment_success,,1,1,,,
events,20260314,mentor_page_view,,1,1,,,
events,20260314,signup_initiate,,1,1,,,
events,20260317,lp_mentor_card_click,,1,1,,,
events,20260317,lp_view_experts_click,,1,1,,,
events,20260317,select_mentor,,1,1,,,
events,20260319,lp_mentor_card_click,,1,1,,,
events,20260319,select_mentor,,1,1,,,
events,20260321,lp_mentor_card_click,,1,1,,,
events,20260321,signup_initiate,,1,1,,,
events,20260322,lp_mentor_card_click,,1,1,,,
events,20260322,lp_view_experts_click,,1,1,,,
events,20260322,signup_initiate,,1,1,,,
events,20260323,signup_initiate,,1,1,,,
events,20260324,lp_mentor_card_click,,1,1,,,
events,20260324,signup_initiate,,1,1,,,
events,20260325,lp_mentor_card_click,,1,1,,,
events,20260325,signup_initiate,,1,1,,,
events,20260326,lp_view_experts_click,,1,1,,,
events,20260326,signup_initiate,,1,1,,,
events,20260327,lp_hero_cta_click,,1,1,,,
events,20260327,mentor_page_view,,1,1,,,
events,20260328,first_visit,,1,1,,,
events,20260328,lp_view_experts_click,,1,1,,,
events,20260328,mentor_page_view,,1,1,,,
events,20260328,session_start,,1,1,,,
events,20260329,first_visit,,1,1,,,
events,20260329,landing_page_view,,1,1,,,
events,20260329,page_view,,1,1,,,
events,20260329,session_start,,1,1,,,
events,20260330,landing_page_view,,1,1,,,
events,20260330,lp_exit_no_interaction,,1,1,,,
events,20260330,signup_initiate,,1,1,,,
events,20260331,select_mentor,,1,1,,,
events,20260331,signup_initiate,,1,1,,,
events,20260401,signup_initiate,,1,1,,,
events,20260402,signup_initiate,,1,1,,,
events,20260403,signup_initiate,,1,1,,,
events,20260404,signup_initiate,,1,1,,,
events,20260406,first_visit,,1,1,,,
events,20260406,landing_page_view,,1,1,,,
events,20260406,lp_exit_no_interaction,,1,1,,,
events,20260406,page_view,,1,1,,,
events,20260406,user_engagement,,1,1,,,
events,20260407,first_visit,,1,1,,,
events,20260407,lp_hero_cta_click,,1,1,,,
events,20260407,mentor_page_view,,1,1,,,
events,20260407,user_engagement,,1,1,,,
events,20260413,first_visit,,1,1,,,
events,20260413,page_view,,1,1,,,
events,20260413,user_engagement,,1,1,,,
events,20260414,first_visit,,1,1,,,
events,20260414,page_view,,1,1,,,
events,20260414,session_start,,1,1,,,
events,20260415,first_visit,,1,1,,,
events,20260415,page_view,,1,1,,,
events,20260415,user_engagement,,1,1,,,
events,20260417,first_visit,,1,1,,,
events,20260417,lp_view_experts_click,,1,1,,,
events,20260417,mentor_page_view,,1,1,,,
events,20260417,session_start,,1,1,,,
events,20260417,user_engagement,,1,1,,,
events,20260421,first_visit,,1,1,,,
events,20260421,page_view,,1,1,,,
events,20260421,session_start,,1,1,,,
events,20260422,first_visit,,1,1,,,
events,20260422,page_view,,1,1,,,
events,20260422,session_start,,1,1,,,
events,20260422,user_engagement,,1,1,,,
events,20260424,lp_hero_cta_click,,1,1,,,
events,20260424,mentor_page_view,,1,1,,,
events,20260425,first_visit,,1,1,,,
landing,20260315,/lp/pm,,24,0.45833333333333331,34.906223375,,
landing,20260311,/lp/pm,,21,0.38095238095238093,50.302756571428574,,
landing,20260214,/lp/pm,,20,0.2,648.93454625,,
landing,20260222,/mentors,,19,0.26315789473684209,582.320243631579,,
landing,20260312,/lp/pm,,17,0.35294117647058826,73.436038764705884,,
landing,20260313,/lp/pm,,17,0.47058823529411764,164.56937270588236,,
landing,20260315,/lp/da,,16,0.3125,69.53422362500001,,
landing,20260310,/lp/pm,,13,0.46153846153846156,70.850720846153848,,
landing,20260318,/lp/da,,13,0.38461538461538464,77.352584153846152,,
landing,20260331,/lp/da,,13,0.23076923076923078,75.133417307692312,,
landing,20260405,/lp/da,,13,0.53846153846153844,10.530639307692308,,
landing,20260216,/,,12,0.25,421.13347466666664,,
landing,20260224,/lp/pm,,12,0.41666666666666669,336.65254516666664,,
landing,20260302,/lp/pm,,12,0.5,1077.2540303333333,,
landing,20260323,/lp/da,,12,0.41666666666666669,24.170009416666669,,
landing,20260325,/lp/da,,12,0.41666666666666669,13.345763833333335,,
landing,20260403,/lp/da,,12,0.25,45.497036083333334,,
landing,20260131,/,,11,0.45454545454545453,464.30169381818177,,
landing,20260212,/,,11,0.18181818181818182,573.69635499999993,,
landing,20260219,/lp/pm,,11,0.54545454545454541,15.137293999999999,,
landing,20260216,/mentors,,10,0,2249.8872352,,
landing,20260225,/lp/pm,,10,0.3,164.1081254,,
landing,20260315,/mentors,,10,0.1,25.2756957,,
landing,20260317,/lp/da,,10,0.4,70.6769188,,
landing,20260319,/lp/da,,10,0.6,17.662195500000003,,
landing,20260324,/lp/da,,10,0.6,24.8895368,,
landing,20260220,/lp/pm,,9,0.66666666666666663,57.131620333333331,,
landing,20260223,/lp/pm,,9,0.55555555555555558,631.89483877777775,,
landing,20260226,/lp/pm,,9,0.33333333333333331,50.085473555555552,,
landing,20260331,/lp/pm,,9,0.1111111111111111,250.5062667777778,,
landing,20260404,/lp/da,,9,0.1111111111111111,34.591991666666665,,
landing,20260222,/lp/pm,,8,0.75,103.966676875,,
landing,20260226,/,,8,0.375,179.128489375,,
landing,20260227,/lp/pm,,8,0.375,172.73506625,,
landing,20260306,/,,8,0.25,1451.4167149999998,,
landing,20260316,/lp/da,,8,0.625,12.990260874999999,,
landing,20260319,/lp/pm,,8,0.375,16.440537625,,
landing,20260320,/lp/pm,,8,0.375,37.080945875,,
landing,20260322,/lp/da,,8,0.125,34.20574875,,
landing,20260325,/lp/pm,,8,0.375,177.32997925,,
landing,20260401,/lp/da,,8,0.25,55.0463495,,
landing,20260403,/lp/pm,,8,0.25,161.274912,,
landing,20260126,/lp/pm,,7,0.5714285714285714,785.9816567142858,,
landing,20260201,/,,7,0,1671.8577904285714,,
landing,20260202,/,,7,0.14285714285714285,255.96599814285716,,
landing,20260217,/lp/pm,,7,0.5714285714285714,90.628781285714268,,
landing,20260224,/mentors,,7,0.2857142857142857,30.437916285714287,,
landing,20260305,/lp/pm,,7,0.2857142857142857,519.91993771428565,,
landing,20260306,/lp/pm,,7,0.42857142857142855,61.572177285714289,,
landing,20260314,/lp/pm,,7,0.5714285714285714,21.669778714285716,,
landing,20260318,/lp/pm,,7,0.2857142857142857,312.28743771428572,,
landing,20260401,/lp/pm,,7,0.14285714285714285,169.30692471428571,,
landing,20260402,/lp/pm,,7,0.2857142857142857,78.624437714285719,,
landing,20260213,/lp/pm,,6,0.83333333333333337,5.0126395,,
landing,20260214,/,,6,0.33333333333333331,436.26310566666666,,
landing,20260216,/lp/pm,,6,0.16666666666666666,132.806613,,
landing,20260222,/,,6,0,700.0865111666667,,
landing,20260309,/lp/pm,,6,0.33333333333333331,304.75437700000003,,
landing,20260311,/auth/sign-in,,6,0,302.32671650000003,,
landing,20260326,/lp/pm,,6,0.16666666666666666,56.446889333333331,,
landing,20260402,/lp/da,,6,0.16666666666666666,43.825431666666667,,
landing,20260212,/lp/pm,,5,0,1418.8459052,,
landing,20260215,/lp/pm,,5,0.6,92.9162874,,
landing,20260218,/,,5,0.4,18.3866288,,
landing,20260224,/,,5,0,3133.0667714,,
landing,20260301,/lp/pm,,5,0.2,68.1473246,,
landing,20260302,/auth/sign-in,,5,0,1403.2888458,,
landing,20260307,/lp/pm,,5,0.4,220.46471380000003,,
landing,20260313,/,,5,0.4,313.22643000000005,,
landing,20260323,/lp/pm,,5,0.4,33.1650044,,
landing,20260323,/mentors,,5,0,128.2374356,,
landing,20260211,/,,4,0,209.09965325,,
landing,20260215,/,,4,0.25,431.0154655,,
landing,20260218,/lp/pm,,4,0.75,23.5589705,,
landing,20260221,/lp/pm,,4,0.5,6.4975795,,
landing,20260222,(not set),,4,1,0.419084,,
landing,20260223,/,,4,0.25,225.84072749999999,,
landing,20260225,/about,,4,0,35.10687825,,
landing,20260228,/,,4,0.25,108.09511325,,
landing,20260302,/,,4,0,455.845337,,
landing,20260302,/mentors/e251486e-c21a-49f4-8ab7-ce808785638a,,4,0,2833.98715025,,
landing,20260310,/,,4,0.25,259.82167575,,
landing,20260321,/auth/sign-in,,4,0,190.55694625,,
landing,20260321,/lp/pm,,4,0.5,258.21409675,,
landing,20260322,/lp/pm,,4,0.25,51.15504525,,
landing,20260324,/lp/pm,,4,0.25,90.675073500000011,,
landing,20260326,/lp/da,,4,0.25,21.18909125,,
landing,20260126,/,,3,0.33333333333333331,422.30661200000003,,
landing,20260204,/,,3,0.66666666666666663,20.520075666666667,,
landing,20260214,(not set),,3,1,1.7686623333333333,,
landing,20260217,/,,3,0.33333333333333331,52.267094999999991,,
landing,20260218,/auth/sign-in,,3,0.33333333333333331,196.747473,,
landing,20260219,/,,3,0,603.68974666666668,,
landing,20260220,/,,3,0.33333333333333331,179.08733433333336,,
landing,20260221,/,,3,0.33333333333333331,1348.0834183333334,,
landing,20260224,(not set),,3,1,0.19073266666666666,,
landing,20260224,/about,,3,0,171.72792166666667,,
landing,20260302,(not set),,3,1,6.8333333333333332e-05,,
landing,20260304,/,,3,0.33333333333333331,53.062334333333332,,
landing,20260304,/lp/pm,,3,0.33333333333333331,61.289361333333339,,
landing,20260308,/lp/pm,,3,0.33333333333333331,396.746737,,
landing,20260317,/mentors,,3,0.33333333333333331,39.649863666666668,,
landing,20260320,/,,3,0,693.17711300000008,,
landing,20260320,/mentors,,3,0.33333333333333331,64.878903666666659,,
landing,20260321,(not set),,3,1,0,,
landing,20260321,/lp/da,,3,0,63.962311666666665,,
landing,20260322,(not set),,3,1,0,,
landing,20260323,/,,3,0,185.62362733333336,,
landing,20260324,(not set),,3,1,0,,
landing,20260324,/auth/sign-in,,3,0,503.34645266666666,,
landing,20260404,/lp/pm,,3,0,337.712524,,
landing,20260209,/,,2,0.5,125.091553,,
landing,20260211,/auth/sign-up,,2,0,414.4931775,,
landing,20260211,/lp/pm,,2,0.5,881.25228850000008,,
landing,20260212,(not set),,2,1,0,,
landing,20260212,/auth/sign-in,,2,0,199.082878,,
landing,20260216,(not set),,2,1,0,,
landing,20260218,(not set),,2,1,0.6556255,,
landing,20260221,/candidate,,2,0,2345.5740695,,
landing,20260222,/auth/sign-in,,2,0,2582.324281,,
landing,20260223,/mentors,,2,0,361.56258,,
landing,20260225,/,,2,0,331.3693425,,
landing,20260225,/mentors,,2,0.5,639.59075400000006,,
landing,20260226,/mentors,,2,0,1068.369953,,
landing,20260227,(not set),,2,1,0,,
landing,20260301,(not set),,2,1,0,,
landing,20260301,/mentors,,2,0.5,10.230849500000001,,
landing,20260301,/mentors.,,2,1,1.8720715,,
landing,20260301,/mentors/e251486e-c21a-49f4-8ab7-ce808785638a,,2,0.5,70.4206605,,
landing,20260302,/mentors,,2,0,7070.5385665,,
landing,20260303,/lp/pm,,2,0.5,7.6345265,,
landing,20260304,/candidate/bookings,,2,0,431.916451,,
landing,20260305,/,,2,0,362.20861,,
landing,20260305,/auth/sign-up,,2,0,36.841688,,
landing,20260305,/candidate/review,,2,0,207.9304635,,
landing,20260306,/auth/sign-in,,2,0,643.2767,,
landing,20260306,/mentors,,2,0,971.50467,,
landing,20260306,/mentors/e251486e-c21a-49f4-8ab7-ce808785638a,,2,0,712.9147605,,
landing,20260307,/mentors,,2,1,2.4967875,,
landing,20260308,/,,2,0,193.520178,,
landing,20260311,(not set),,2,1,0,,
landing,20260312,(not set),,2,1,0,,
landing,20260312,/,,2,1,5.0023525,,
landing,20260313,(not set),,2,1,0,,
landing,20260315,/auth/sign-up,,2,0.5,5.0362054999999994,,
landing,20260316,/,,2,0,240.9520495,,
landing,20260316,/lp/pm,,2,0,486.5788575,,
landing,20260317,(not set),,2,1,0,,
landing,20260317,/lp/pm,,2,0,124.118396,,
landing,20260318,(not set),,2,1,0,,
landing,20260319,(not set),,2,1,0,,
landing,20260319,/,,2,0.5,45.4437075,,
landing,20260320,(not set),,2,1,0,,
landing,20260321,/candidate/bookings,,2,0.5,686.22273300000006,,
landing,20260322,/candidate,,2,0,59.9358225,,
landing,20260322,/mentors,,2,1,2.425228,,
landing,20260325,(not set),,2,1,0,,
landing,20260325,/,,2,0,1139.231787,,
landing,20260326,/,,2,0.5,23.831215500000003,,
landing,20260326,/mentor/bookings,,2,0.5,802.375184,,
landing,20260330,(not set),,2,1,0,,
landing,20260331,(not set),,2,1,0,,
landing,20260331,/,,2,1,4.9823695,,
landing,20260405,/lp/pm,,2,0,28.1061935,,
landing,20260126,(not set),,1,1,0,,
landing,20260127,/,,1,0,41.287537,,
landing,20260131,/auth/sign-in,,1,0,18.974852,,
landing,20260131,/lp/pm,,1,0,8490.622368,,
landing,20260131,/mentor/bookings,,1,1,5.014454,,
landing,20260201,/about,,1,0,3445.194038,,
landing,20260201,/blog,,1,0,474.761312,,
landing,20260201,/cancellation-policy,,1,0,655.531912,,
landing,20260201,/how-it-works,,1,0,1086.262069,,
landing,20260201,/interviews/hr,,1,0,6.086104,,
landing,20260202,/admin/approvals,,1,0,1415.11918,,
landing,20260204,/about,,1,1,4.454574,,
landing,20260204,/cancellation-policy,,1,1,4.208578,,
landing,20260204,/contact,,1,1,0,,
landing,20260204,/faq,,1,1,0,,
landing,20260204,/how-it-works,,1,1,4.03145,,
landing,20260204,/interviews/data-analytics,,1,1,4.026398,,
landing,20260204,/interviews/data-science,,1,1,5.101257,,
landing,20260204,/interviews/hr,,1,1,4.184752,,
landing,20260204,/interviews/product-management,,1,1,0,,
landing,20260204,/privacy,,1,1,0,,
landing,20260204,/terms,,1,1,4.439408,,
landing,20260205,/,,1,1,0,,
landing,20260205,/auth/sign-up,,1,1,4.277689,,
landing,20260206,/candidate,,1,1,1.944853,,
landing,20260210,/auth/reset-password,,1,1,4.914476,,
landing,20260211,/auth/reset-password,,1,0,1500.551228,,
landing,20260211,/contact,,1,1,0,,
landing,20260212,/auth/reset-password,,1,0,106.113284,,
landing,20260212,/auth/sign-up,,1,0,1662.829748,,
landing,20260213,/,,1,1,4.890734,,
landing,20260213,/auth/sign-in,,1,0,1147.624217,,
landing,20260213,/auth/sign-up,,1,0,104.563625,,
landing,20260214,/auth/sign-in,,1,0,5.729769,,
landing,20260215,/auth/forgot-password,,1,0,184.055468,,
landing,20260215,/auth/sign-in,,1,0,1.245153,,
landing,20260216,/mentors/939ab8b8-88d2-455b-aad5-dd908c47f705,,1,0,42.548748,,
landing,20260217,/auth/sign-up,,1,0,103.339784,,
landing,20260218,/auth/forgot-password,,1,0,1014.440574,,
landing,20260218,/candidate,,1,0,10.181571,,
landing,20260219,(not set),,1,1,0,,
landing,20260219,/auth/sign-up,,1,0,21.27021,,
landing,20260220,/auth/sign-in,,1,0,1620.102214,,
landing,20260220,/interviews/product-management,,1,0,74.036598,,
landing,20260221,/mentors,,1,0,25.284903,,
landing,20260221,/mentors/cd6b9265-970a-4efd-a799-9de9ec0d46db,,1,0,18.551274,,
landing,20260222,/candidate,,1,0,428.909468,,
landing,20260222,/candidate/schedule,,1,0,3750.155505,,
landing,20260223,/auth/sign-in,,1,0,1874.373647,,
landing,20260223,/candidate/bookings,,1,0,638.547928,,
landing,20260223,/interviews/product-management,,1,1,4.234368,,
landing,20260224,/auth/sign-in,,1,0,5.559887,,
landing,20260225,(not set),,1,1,0,,
landing,20260226,(not set),,1,1,0,,
landing,20260227,/,,1,1,4.96592,,
landing,20260228,/auth/sign-in,,1,0,157.597738,,
landing,20260228,/auth/sign-up,,1,1,0.731327,,
landing,20260228,/candidate/bookings,,1,0,4.22355,,
landing,20260228,/lp/pm,,1,0,26.175927,,
landing,20260301,/,,1,1,9.542345,,
landing,20260302,/candidate/bookings,,1,0,7.169398,,
landing,20260302,/candidate/e251486e-c21a-49f4-8ab7-ce808785638a,,1,0,0.03111,,
landing,20260302,/mentors/7e78c766-ce02-4baa-a861-d3f690584755,,1,0,1.014694,,
landing,20260303,(not set),,1,1,0,,
landing,20260303,/,,1,1,5.826214,,
landing,20260303,/candidate/bookings,,1,0,155.646141,,
landing,20260303,/mentors,,1,0,246.766943,,
landing,20260304,/about,,1,1,4.927726,,
landing,20260304,/mentor/profile,,1,0,1235.939767,,
landing,20260305,/candidate/bookings,,1,1,0,,
landing,20260305,/mentors/e251486e-c21a-49f4-8ab7-ce808785638a,,1,0,54.193253,,
landing,20260306,/auth/sign-up,,1,0,139.151011,,
landing,20260306,/candidate,,1,0,3468.697072,,
landing,20260306,/candidate/profile,,1,0,8691.659337,,
landing,20260306,/mentors/e93bbac0-b00c-4866-9b5e-00b2bd0dc474,,1,0,14.630313,,
landing,20260307,/about,,1,0,84.790176,,
landing,20260307,/auth/sign-in,,1,1,4.970027,,
landing,20260308,/auth/forgot-password,,1,1,5.002396,,
landing,20260309,(not set),,1,1,0,,
landing,20260309,/,,1,0,55.904017,,
landing,20260309,/auth/sign-in,,1,0,38.832787,,
landing,20260310,/mentor/bookings,,1,0,1319.02443,,
landing,20260310,/mentors/e251486e-c21a-49f4-8ab7-ce808785638a,,1,0,0.956825,,
landing,20260311,/,,1,0,1208.104334,,
landing,20260311,/mentor/session/60ee8ab2-ea32-4395-b989-d2287a9f1cbc,,1,0,23.685429,,
landing,20260312,/mentors,,1,0,84.53302,,
landing,20260313,/about,,1,0,1309.371833,,
landing,20260313,/auth/sign-in,,1,0,20.718323,,
landing,20260313,/candidate,,1,0,361.493826,,
landing,20260313,/how-it-works,,1,0,18.360518,,
landing,20260313,/mentor/bookings,,1,0,112.793587,,
landing,20260313,/mentors,,1,1,0.001032,,
landing,20260314,/,,1,1,5.05041,,
landing,20260315,(not set),,1,1,0,,
landing,20260315,/interviews/data-analytics,,1,1,1.874557,,
landing,20260315,/interviews/ds,,1,0,43.375642,,
landing,20260316,(not set),,1,1,0,,
landing,20260317,/,,1,1,4.952056,,
landing,20260317,/auth/sign-in,,1,0,53.503095,,
landing,20260318,/mentors,,1,1,4.994758,,
landing,20260319,/mentors,,1,0,79.593349,,
landing,20260320,/auth/sign-in,,1,0,66.7752,,
landing,20260320,/lp/da,,1,0,28.242194,,
landing,20260320,/mentors/e251486e-c21a-49f4-8ab7-ce808785638a,,1,0,267.294583,,
landing,20260321,/,,1,0,139.42593,,
landing,20260321,/candidate/profile,,1,0,1.033735,,
landing,20260321,/contact,,1,1,5.119351,,
landing,20260321,/how-it-works,,1,1,4.534613,,
landing,20260321,/mentors/e251486e-c21a-49f4-8ab7-ce808785638a,,1,0,78.436235,,
landing,20260322,/,,1,0,859.282185,,
landing,20260322,/auth/sign-in,,1,0,7.83751,,
landing,20260323,/mentors/e251486e-c21a-49f4-8ab7-ce808785638a,,1,0,194.638876,,
landing,20260324,/blog/product-manager-interview-product-sense-mistakes,,1,0,2182.318735,,
landing,20260324,/mentors,,1,0,3.157828,,
landing,20260325,/auth/sign-in,,1,0,12.754695,,
landing,20260325,/interviews/data-analytics,,1,0,190.042206,,
landing,20260326,(not set),,1,1,0,,
landing,20260326,/auth/sign-in,,1,0,12.13534,,
landing,20260326,/candidate/bookings,,1,0,9.896265,,
landing,20260326,/candidate/profile,,1,0,17.634666,,
landing,20260326,/mentors,,1,0,26.128094,,
landing,20260327,(not set),,1,1,0,,
landing,20260327,/lp/da,,1,0,45.118514,,
landing,20260327,/lp/pm,,1,0,63.129195,,
landing,20260328,/,,1,0,54.731598,,
landing,20260329,/lp/pm,,1,1,4.916054,,
landing,20260330,/,,1,0,29.104287,,
landing,20260330,/lp/pm,,1,1,5.443648,,
landing,20260330,/mentors,,1,0,43.392701,,
landing,20260331,/mentors/e251486e-c21a-49f4-8ab7-ce808785638a,,1,1,5.000616,,
landing,20260401,(not set),,1,1,0,,
landing,20260401,/about,,1,0,37.946108,,
landing,20260401,/mentors,,1,1,4.979968,,
landing,20260401,/mentors/e251486e-c21a-49f4-8ab7-ce808785638a,,1,1,2.552634,,
landing,20260402,(not set),,1,1,0,,
landing,20260402,/,,1,1,4.514245,,
landing,20260402,/auth/sign-up,,1,0,209.046304,,
landing,20260402,/mentors,,1,0,14.313053,,
landing,20260403,/mentors,,1,0,8.959536,,
landing,20260405,/about,,1,1,1.416931,,
landing,20260405,/how-it-works,,1,1,9.183982,,
landing,20260406,(not set),,1,1,0,,
landing,20260406,/lp/da,,1,0,11.493966,,
landing,20260407,(not set),,1,1,0,,
landing,20260407,/,,1,0,6.775526,,
landing,20260409,/,,1,0,23.886002,,
landing,20260409,/interviews/data-science,,1,0,45.711407,,
landing,20260413,(not set),,1,1,0,,
landing,20260413,/blog/aarm-framework-product-management-interviews,,1,1,4.643125,,
landing,20260414,/,,1,1,4.882566,,
landing,20260415,(not set),,1,1,0,,
landing,20260415,/,,1,1,0.243358,,
landing,20260417,/,,1,0,99.921858,,
landing,20260421,/,,1,1,5.028413,,
landing,20260422,/,,1,0,13.703969,,
landing,20260424,/,,1,0,8.210112,,
landing,20260424,/mentors/7627f54c-aa6a-4bb9-aa4a-43da3fe45397,,1,1,4.9367,,
landing,20260425,,,1,1,0,,
landing,20260425,/auth/sign-up,,1,1,4.350985,,
landing,20260425,/blog/sql-window-functions-interview-guide,,1,1,659.094428,,
